-- phpMyAdmin SQL Dump
-- version 4.3.11
-- http://www.phpmyadmin.net
--
-- Хост: 127.0.0.1
-- Время создания: Апр 23 2018 г., 10:32
-- Версия сервера: 5.6.24
-- Версия PHP: 5.6.8

SET SQL_MODE = "NO_AUTO_VALUE_ON_ZERO";
SET time_zone = "+00:00";


/*!40101 SET @OLD_CHARACTER_SET_CLIENT=@@CHARACTER_SET_CLIENT */;
/*!40101 SET @OLD_CHARACTER_SET_RESULTS=@@CHARACTER_SET_RESULTS */;
/*!40101 SET @OLD_COLLATION_CONNECTION=@@COLLATION_CONNECTION */;
/*!40101 SET NAMES utf8 */;

--
-- База данных: `timeline`
--

-- --------------------------------------------------------

--
-- Структура таблицы `admin`
--

CREATE TABLE IF NOT EXISTS `admin` (
  `id` int(3) NOT NULL,
  `id_comp` int(2) NOT NULL,
  `login` varchar(15) NOT NULL,
  `password` varchar(20) NOT NULL,
  `role` varchar(5) NOT NULL
) ENGINE=InnoDB AUTO_INCREMENT=6 DEFAULT CHARSET=utf8;

--
-- Дамп данных таблицы `admin`
--

INSERT INTO `admin` (`id`, `id_comp`, `login`, `password`, `role`) VALUES
(1, 1, 'sargis', '111', 'admin'),
(2, 2, 'ani', '222', 'admin'),
(3, 3, 'hermine', '333', 'admin'),
(4, 4, 'lusine', '444', 'admin'),
(5, 2, 'super', '000', 'super');

-- --------------------------------------------------------

--
-- Структура таблицы `company`
--

CREATE TABLE IF NOT EXISTS `company` (
  `id` int(2) NOT NULL,
  `name` varchar(20) NOT NULL
) ENGINE=InnoDB AUTO_INCREMENT=5 DEFAULT CHARSET=utf8;

--
-- Дамп данных таблицы `company`
--

INSERT INTO `company` (`id`, `name`) VALUES
(1, 'ColibriLab'),
(2, 'Colibri'),
(3, 'ARS Systems'),
(4, 'Arnology');

-- --------------------------------------------------------

--
-- Структура таблицы `timeline`
--

CREATE TABLE IF NOT EXISTS `timeline` (
  `id` int(5) NOT NULL,
  `user_id` int(4) NOT NULL,
  `day` date NOT NULL,
  `begin` time DEFAULT NULL,
  `lunch_begin` time DEFAULT NULL,
  `lunch_end` time DEFAULT NULL,
  `end` time DEFAULT NULL,
  `begin_time1` time NOT NULL,
  `end_time1` time NOT NULL,
  `description` varchar(200) NOT NULL DEFAULT 'Բացատրություն...',
  `late` int(10) DEFAULT NULL
) ENGINE=InnoDB AUTO_INCREMENT=179 DEFAULT CHARSET=utf8;

--
-- Дамп данных таблицы `timeline`
--

INSERT INTO `timeline` (`id`, `user_id`, `day`, `begin`, `lunch_begin`, `lunch_end`, `end`, `begin_time1`, `end_time1`, `description`, `late`) VALUES
(48, 27, '2018-02-05', '11:22:00', '00:00:00', '00:00:00', '00:00:00', '10:00:00', '19:00:00', 'Բացատրություն...', 82),
(49, 28, '2017-03-05', '09:22:00', '00:00:00', '00:00:00', '00:00:00', '10:00:00', '19:00:00', 'Բացատրություն...', -38),
(50, 27, '2018-03-06', '11:24:00', '00:00:00', '00:00:00', '00:00:00', '10:00:00', '19:00:00', 'Բացատրություն...', 84),
(51, 28, '2018-03-06', '11:05:00', '00:00:00', '00:00:00', '00:00:00', '10:00:00', '19:00:00', 'Բացատրություն...', 65),
(52, 29, '2018-03-06', '09:27:00', '00:00:00', '00:00:00', '00:00:00', '10:00:00', '19:00:00', 'Բացատրություն...', -33),
(53, 27, '2018-01-07', '12:03:00', '00:00:00', '00:00:00', '00:00:00', '10:00:00', '19:00:00', 'Բացատրություն...', 123),
(54, 28, '2018-03-07', '10:20:00', '00:00:00', '00:00:00', '00:00:00', '10:00:00', '19:00:00', 'Բացատրություն...', 20),
(55, 29, '2018-03-07', '08:40:00', '00:00:00', '00:00:00', '00:00:00', '09:00:00', '19:00:00', 'Բացատրություն...', -20),
(56, 30, '2018-03-08', '10:29:00', '09:42:00', '20:26:00', '20:26:00', '10:00:00', '19:00:00', 'Բացատրություն...', 29),
(57, 27, '2018-03-08', '08:29:00', '09:41:00', '20:26:00', '20:26:00', '10:00:00', '19:00:00', 'Բացատրություն...', -91),
(58, 29, '2018-03-08', '07:29:00', '09:42:00', '09:54:00', '09:56:00', '08:26:00', '19:00:00', 'Բացատրություն...', -57),
(59, 28, '2017-02-08', '09:04:00', '09:41:00', '21:37:00', '04:12:00', '10:00:00', '19:00:00', 'dddddd', -56),
(60, 31, '2018-03-08', '11:20:00', '10:19:00', '10:21:00', '10:23:00', '11:00:00', '19:00:00', 'Բացատրություն...', 20),
(61, 32, '2018-03-08', '11:00:00', '00:00:00', '00:00:00', '00:00:00', '10:00:00', '19:00:00', 'Բացատրություն...', 60),
(62, 27, '2018-03-09', '09:43:00', '00:00:00', '00:00:00', '00:00:00', '10:00:00', '19:00:00', 'Բացատրություն...', -17),
(63, 28, '2018-03-09', '10:43:00', '13:00:00', '14:00:00', '19:05:00', '10:00:00', '19:00:00', 'Բացատրություն...', 43),
(64, 29, '2018-03-09', '08:43:00', '00:00:00', '00:00:00', '00:00:00', '23:00:00', '19:00:00', 'Բացատրություն...', -857),
(65, 30, '2018-03-09', '11:43:00', '00:00:00', '00:00:00', '00:00:00', '10:00:00', '19:00:00', 'Բացատրություն...', 103),
(66, 31, '2018-03-09', '08:43:00', '00:00:00', '00:00:00', '00:00:00', '10:00:00', '19:00:00', 'Բացատրություն...', -77),
(67, 27, '2018-03-10', '16:57:00', '00:00:00', '00:00:00', '00:00:00', '15:00:00', '19:00:00', 'Բացատրություն...', 117),
(68, 28, '2018-03-10', '11:58:00', '20:58:00', '00:00:00', '00:00:00', '11:00:00', '19:00:00', 'Բացատրություն...', 58),
(69, 29, '2018-03-10', '20:58:00', '20:58:00', '20:58:00', '00:00:00', '23:00:00', '19:00:00', 'Բացատրություն...', -122),
(70, 30, '2018-03-10', '11:58:00', '20:58:00', '20:58:00', '20:58:00', '10:00:00', '19:00:00', 'Բացատրություն...', 118),
(71, 31, '2018-03-10', '20:58:00', '00:00:00', '00:00:00', '00:00:00', '10:00:00', '19:00:00', 'Բացատրություն...', 658),
(78, 27, '2017-04-11', '12:00:00', '00:00:00', '00:00:00', '00:00:00', '10:00:00', '19:00:00', 'Բddddացատրություն...', 120),
(79, 28, '2018-03-11', '10:03:00', '00:00:00', '00:00:00', '00:00:00', '10:00:00', '19:00:00', 'Բացատրություն...', 0),
(80, 29, '2018-03-11', '20:35:00', '00:00:00', '00:00:00', '00:00:00', '23:00:00', '19:00:00', 'Բացատրություն...', -145),
(81, 27, '2018-03-12', '09:03:00', '00:00:00', '00:00:00', '00:00:00', '10:00:00', '19:00:00', 'Բացատրություն...', -57),
(82, 28, '2018-03-12', '08:56:00', '00:00:00', '00:00:00', '00:00:00', '10:00:00', '19:00:00', 'Բացատրություն...', -64),
(83, 29, '2018-03-12', '10:05:00', '00:00:00', '00:00:00', '00:00:00', '09:00:00', '19:00:00', 'Բացատրություն...', 65),
(84, 30, '2018-03-12', '09:05:00', '00:00:00', '00:00:00', '00:00:00', '10:00:00', '19:00:00', 'Բացատրություն...', -55),
(85, 31, '2018-03-12', '10:05:00', '00:00:00', '00:00:00', '00:00:00', '10:00:00', '19:00:00', 'Բացատրություն...', 0),
(86, 32, '2018-03-12', '13:05:00', '00:00:00', '00:00:00', '00:00:00', '10:00:00', '19:00:00', 'Բացատրություն...', 185),
(87, 33, '2018-03-12', '11:06:00', '00:00:00', '00:00:00', '00:00:00', '10:00:00', '19:00:00', 'Բացատրություն...', 66),
(88, 27, '2018-03-13', '10:30:00', '00:00:00', '00:00:00', '04:00:00', '10:00:00', '19:00:00', 'Բացատրություն...', 30),
(89, 29, '2018-03-13', '09:30:00', '00:00:00', '00:00:00', '00:00:00', '09:00:00', '19:00:00', 'Բացատրություն...', 30),
(90, 30, '2018-03-13', '09:30:00', '00:00:00', '00:00:00', '00:00:00', '10:00:00', '19:00:00', 'Բացատրություն...', -30),
(91, 31, '2018-03-13', '09:20:00', '00:00:00', '00:00:00', '00:00:00', '10:00:00', '19:00:00', 'Բացատրություն...', -40),
(92, 32, '2018-03-13', '10:04:00', '00:00:00', '00:00:00', '00:00:00', '10:00:00', '19:00:00', 'Բացատրություն...', 4),
(93, 33, '2018-03-13', '10:24:00', '00:00:00', '00:00:00', '00:00:00', '11:00:00', '19:00:00', 'Բացատրություն...', -36),
(94, 27, '2018-03-23', '13:19:41', '13:19:45', '13:19:45', '13:19:46', '10:00:00', '19:00:00', 'Բացատրություն...', 200),
(95, 28, '2018-03-23', '13:19:49', '13:19:50', '13:19:51', '13:19:51', '10:00:00', '19:00:00', 'Բացատրություն...', 200),
(96, 29, '2018-03-23', '13:19:54', NULL, NULL, NULL, '23:00:00', '19:00:00', 'Բացատրություն...', -580),
(97, 30, '2018-03-23', '13:19:58', NULL, NULL, NULL, '10:00:00', '19:00:00', 'Բացատրություն...', 200),
(98, 31, '2018-03-23', '13:20:01', NULL, NULL, NULL, '10:00:00', '19:00:00', 'Բացատրություն...', 200),
(99, 32, '2018-03-23', '13:20:08', NULL, NULL, NULL, '10:00:00', '19:00:00', 'Բացատրություն...', 200),
(100, 27, '2018-03-27', '11:54:00', '11:55:00', '07:07:00', '12:23:00', '11:53:00', '20:25:00', 'Բացdsdsdsdատրություն...', 1),
(101, 29, '2018-03-27', '15:31:36', NULL, NULL, NULL, '23:00:00', '19:00:00', 'Բացատրություն...', -448),
(102, 32, '2018-03-27', '15:32:00', '12:00:00', '00:00:00', '19:33:00', '10:00:00', '19:00:00', 'Բացատրություն...', 332),
(103, 30, '2018-03-27', '15:32:12', '15:32:24', NULL, NULL, '10:00:00', '19:00:00', 'Բացատրություն...', 332),
(104, 28, '2018-03-28', '17:17:46', NULL, NULL, NULL, '10:00:00', '19:00:00', 'Բացատրություն...', 438),
(105, 29, '2018-03-28', '17:17:52', NULL, NULL, NULL, '23:00:00', '19:00:00', 'Բացատրություն...', -342),
(106, 31, '2018-03-28', '17:18:00', NULL, NULL, NULL, '10:00:00', '19:00:00', 'Բացատրություն...', 438),
(107, 28, '2018-03-29', '10:07:00', '00:00:00', '00:00:00', '00:00:00', '11:00:00', '19:00:00', 'Բացատրություն...', -53),
(108, 29, '2018-03-29', '20:17:00', '00:00:00', '00:00:00', '00:00:00', '23:00:00', '19:00:00', 'Բացատրություն...', -163),
(109, 31, '2018-03-29', '14:13:02', NULL, NULL, NULL, '10:00:00', '19:00:00', 'Բացատրություն...', 253),
(110, 28, '2018-03-30', '09:01:00', '00:00:00', '00:00:00', '00:00:00', '10:00:00', '19:00:00', 'Բացատրություն...', -59),
(111, 29, '2018-03-30', '17:01:26', '17:07:39', '17:07:46', NULL, '23:00:00', '19:00:00', 'Բացատրություն...', -359),
(112, 30, '2018-03-30', '10:01:00', '00:00:00', '00:00:00', '00:00:00', '10:00:00', '19:00:00', 'Բացատրություն...', 0),
(113, 31, '2018-03-30', '17:01:34', '17:07:58', NULL, NULL, '10:00:00', '19:00:00', 'Բացատրություն...', 422),
(114, 32, '2018-03-30', '17:01:37', NULL, NULL, NULL, '10:00:00', '19:00:00', 'Բացատրություն...', 422),
(115, 33, '2018-03-30', '17:08:43', NULL, NULL, NULL, '10:00:00', '19:00:00', 'Բացատրություն...', 429),
(116, 28, '2018-04-01', '18:36:00', '00:00:00', '00:00:00', '00:00:00', '10:00:00', '19:00:00', 'Բացատրություն...', 516),
(117, 29, '2018-04-01', '20:36:13', NULL, NULL, NULL, '23:00:00', '19:00:00', 'Բացատրություն...', -144),
(118, 30, '2018-04-01', '20:36:16', NULL, NULL, NULL, '10:00:00', '19:00:00', 'Բացատրություն...', 636),
(119, 31, '2018-04-01', '20:36:20', NULL, NULL, NULL, '10:00:00', '19:00:00', 'Բացատրություն...', 636),
(120, 32, '2018-04-01', '20:36:24', NULL, NULL, NULL, '10:00:00', '19:00:00', 'Բացատրություն...', 636),
(121, 33, '2018-04-01', '20:36:31', NULL, NULL, NULL, '10:00:00', '19:00:00', 'Բացատրություն...', 637),
(122, 34, '2018-04-01', '20:36:35', NULL, NULL, NULL, '10:00:00', '19:00:00', 'Բացատրություն...', 637),
(123, 29, '2018-04-02', '08:52:41', '09:56:30', '10:58:49', NULL, '23:00:00', '19:00:00', 'Բացատրություն...', -847),
(124, 33, '2018-04-02', NULL, NULL, NULL, NULL, '10:00:00', '19:00:00', 'Բացատրություն...', NULL),
(125, 30, '2018-04-02', '00:00:00', '00:00:00', '00:00:00', '00:00:00', '10:00:00', '19:00:00', 'Բացատրություն...', -600),
(126, 37, '2018-04-02', '11:05:35', NULL, NULL, NULL, '10:00:00', '19:00:00', 'Բացատրություն...', 66),
(127, 29, '2018-04-03', '07:41:14', NULL, NULL, NULL, '23:00:00', '19:00:00', 'Բացատրություն...', -919),
(128, 30, '2018-04-03', '11:41:00', '00:00:00', '00:00:00', '00:00:00', '10:00:00', '19:00:00', 'Բացատրություն...', 101),
(129, 28, '2018-04-03', '07:41:32', '08:56:20', NULL, NULL, '10:00:00', '19:00:00', 'Բացատրություն...', -138),
(130, 31, '2018-04-03', '07:41:43', NULL, NULL, NULL, '10:00:00', '19:00:00', 'Բացատրություն...', -138),
(131, 32, '2018-04-03', '07:41:47', NULL, NULL, NULL, '10:00:00', '19:00:00', 'Բացատրություն...', -138),
(132, 33, '2018-04-03', '07:41:50', NULL, NULL, NULL, '10:00:00', '19:00:00', 'Բացատրություն...', -138),
(133, 34, '2018-04-03', '07:41:54', NULL, NULL, NULL, '10:00:00', '19:00:00', 'Բացատրություն...', -138),
(134, 35, '2018-04-03', '07:42:07', NULL, NULL, NULL, '10:00:00', '19:00:00', 'Բացատրություն...', -138),
(135, 36, '2018-04-03', '07:42:13', NULL, NULL, NULL, '10:00:00', '19:00:00', 'Բացատրություն...', -138),
(136, 37, '2018-04-03', '07:42:18', NULL, NULL, NULL, '10:00:00', '19:00:00', 'Բացատրություն...', -138),
(137, 28, '2018-04-04', '07:39:11', NULL, NULL, NULL, '10:00:00', '19:00:00', 'Բացատրություն...', -141),
(138, 29, '2018-04-04', '07:39:16', NULL, NULL, NULL, '23:00:00', '19:00:00', 'Բացատրություն...', -921),
(139, 30, '2018-04-04', '07:39:20', NULL, NULL, NULL, '10:00:00', '19:00:00', 'Բացատրություն...', -141),
(140, 31, '2018-04-04', '07:39:25', NULL, NULL, NULL, '10:00:00', '19:00:00', 'Բացատրություն...', -141),
(141, 32, '2018-04-04', '07:39:29', NULL, NULL, NULL, '10:00:00', '19:00:00', 'Բացատրություն...', -141),
(142, 33, '2018-04-04', '07:39:34', '07:39:40', NULL, NULL, '10:00:00', '19:00:00', 'Բացատրություն...', -140),
(143, 34, '2018-04-04', '07:39:45', NULL, NULL, NULL, '10:00:00', '19:00:00', 'Բացատրություն...', -140),
(144, 35, '2018-04-04', '07:39:49', NULL, NULL, NULL, '10:00:00', '19:00:00', 'Բացատրություն...', -140),
(145, 36, '2018-04-04', '07:39:55', NULL, NULL, NULL, '10:00:00', '19:00:00', 'Բացատրություն...', -140),
(146, 37, '2018-04-04', '07:39:59', NULL, NULL, NULL, '10:00:00', '19:00:00', 'Բացատրություն...', -140),
(147, 38, '2018-04-04', '10:21:00', '00:00:00', '00:00:00', '00:00:00', '10:00:00', '19:00:00', 'Բացատրություն...', 21),
(148, 39, '2018-04-04', '09:22:00', '00:00:00', '00:00:00', '00:00:00', '10:00:00', '19:00:00', 'Բացատրություն...', -38),
(149, 27, '2018-04-07', '09:01:00', '00:00:00', '00:00:00', '00:00:00', '10:00:00', '19:00:00', 'Բացատրություն...', -59),
(150, 28, '2018-04-07', '09:01:41', NULL, NULL, NULL, '10:00:00', '19:00:00', 'Բացատրություն...', -58),
(151, 29, '2018-04-07', '09:01:45', NULL, NULL, NULL, '23:00:00', '19:00:00', 'Բացատրություն...', -838),
(152, 30, '2018-04-07', '09:01:49', NULL, NULL, NULL, '10:00:00', '19:00:00', 'Բացատրություն...', -58),
(153, 31, '2018-04-07', '09:01:53', NULL, NULL, NULL, '10:00:00', '19:00:00', 'Բացատրություն...', -58),
(154, 32, '2018-04-07', '09:01:57', NULL, NULL, NULL, '10:00:00', '19:00:00', 'Բացատրություն...', -58),
(155, 33, '2018-04-07', '09:02:46', NULL, NULL, NULL, '10:00:00', '19:00:00', 'Բացատրություն...', -57),
(156, 34, '2018-04-07', '09:02:51', NULL, NULL, NULL, '10:00:00', '19:00:00', 'Բացատրություն...', -57),
(157, 35, '2018-04-07', '09:02:55', NULL, NULL, NULL, '10:00:00', '19:00:00', 'Բացատրություն...', -57),
(158, 36, '2018-04-07', '09:02:59', NULL, NULL, NULL, '10:00:00', '19:00:00', 'Բացատրություն...', -57),
(159, 37, '2018-04-07', '09:03:03', NULL, NULL, NULL, '10:00:00', '19:00:00', 'Բացատրություն...', -57),
(160, 38, '2018-04-07', '09:03:11', NULL, NULL, NULL, '00:00:09', '19:00:00', 'Բացատրություն...', 543),
(161, 27, '2018-04-09', '16:04:00', '00:00:00', '00:00:00', '00:00:00', '10:00:00', '19:00:00', 'Բացատրություն...', 364),
(162, 28, '2018-04-09', '16:04:00', '00:00:00', '00:00:00', '00:00:00', '10:00:00', '19:00:00', 'Բացատրություն...', 364),
(163, 29, '2018-04-09', '16:04:29', NULL, NULL, NULL, '23:00:00', '19:00:00', 'Բացատրություն...', -416),
(164, 30, '2018-04-09', '16:04:33', NULL, NULL, NULL, '10:00:00', '19:00:00', 'Բացատրություն...', 365),
(165, 31, '2018-04-09', '16:04:36', NULL, NULL, NULL, '10:00:00', '19:00:00', 'Բացատրություն...', 365),
(166, 32, '2018-04-09', '16:04:42', NULL, NULL, NULL, '10:00:00', '19:00:00', 'Բացատրություն...', 365),
(167, 33, '2018-04-09', '16:06:50', NULL, NULL, NULL, '10:00:00', '19:00:00', 'Բացատրություն...', 367),
(168, 34, '2018-04-09', '16:06:54', NULL, NULL, NULL, '10:00:00', '19:00:00', 'Բացատրություն...', 367),
(169, 35, '2018-04-09', '16:06:59', NULL, NULL, NULL, '10:00:00', '19:00:00', 'Բացատրություն...', 367),
(170, 36, '2018-04-09', '16:07:04', NULL, NULL, NULL, '10:00:00', '19:00:00', 'Բացատրություն...', 367),
(171, 37, '2018-04-09', '16:07:08', NULL, NULL, NULL, '10:00:00', '19:00:00', 'Բացատրություն...', 367),
(172, 38, '2018-04-09', '16:07:12', NULL, NULL, NULL, '00:00:09', '19:00:00', 'Բացատրություն...', 967),
(173, 27, '2018-04-18', '17:31:00', '00:00:00', '00:00:00', '00:00:00', '10:00:00', '19:00:00', 'Բացատրություն...', 451),
(174, 28, '2018-04-18', '13:31:00', '00:00:00', '00:00:00', '00:00:00', '10:00:00', '19:00:00', 'Բացատրություն...', 211),
(175, 29, '2018-04-18', '17:31:34', NULL, NULL, NULL, '23:00:00', '19:00:00', 'Բացատրություն...', -328),
(176, 30, '2018-04-18', '17:31:37', NULL, NULL, NULL, '10:00:00', '19:00:00', 'Բացատրություն...', 452),
(177, 31, '2018-04-18', '17:31:45', NULL, NULL, NULL, '10:00:00', '19:00:00', 'Բացատրություն...', 452),
(178, 32, '2018-04-18', '17:31:52', NULL, NULL, NULL, '10:00:00', '19:00:00', 'Բացատրություն...', 452);

-- --------------------------------------------------------

--
-- Структура таблицы `users`
--

CREATE TABLE IF NOT EXISTS `users` (
  `id` int(4) NOT NULL,
  `name` varchar(15) NOT NULL,
  `surname` varchar(20) NOT NULL,
  `password` varchar(15) NOT NULL DEFAULT '123',
  `id_comp` int(2) NOT NULL,
  `begin_time` varchar(8) NOT NULL DEFAULT '10:00',
  `end_time` varchar(8) NOT NULL DEFAULT '19:00',
  `image` varchar(40) NOT NULL DEFAULT 'images/default.jpg'
) ENGINE=InnoDB AUTO_INCREMENT=42 DEFAULT CHARSET=utf8;

--
-- Дамп данных таблицы `users`
--

INSERT INTO `users` (`id`, `name`, `surname`, `password`, `id_comp`, `begin_time`, `end_time`, `image`) VALUES
(27, 'Ալեքսանդր', 'Կովկասյան', '123', 2, '10:00:00', '19:00:00', 'images/shurik.jpg'),
(28, 'Սերժ', 'Ազատիչ', '123', 2, '10:00', '19:00', 'images/news160-main.jpg'),
(29, 'Նունուֆար', 'Լոպեսյան', '123', 2, '23:00', '19:00', 'images/jenifer.jpg'),
(30, 'Արմեն', 'Ջիգարխանյան', '123', 2, '10:00', '19:00', 'images/armen.jpg'),
(31, 'Միքայել', 'Նալբանդյան', '123', 2, '10:00', '19:00', 'images/news195-main.jpg'),
(32, 'Մկո', 'Արզումանյան', '123', 2, '10:00', '19:00', 'images/mko.jpg'),
(33, 'bacaka', 'bacaka', '123', 1, '10:00', '19:00', 'images/rishar.jpg'),
(34, 'Հայկո', 'Մարության', '123', 1, '10:00', '19:00', 'images/hayko.jpg'),
(35, 'Ռոնալդ', 'Տրամպ', '123', 1, '10:00', '19:00', 'images/tramp.jpg'),
(36, 'Վլադ', 'Ժիրո', '123', 1, '10:00', '19:00', 'images/jiro.jpg'),
(37, 'Սոֆի', 'Դևոյան', '123', 1, '10:00', '19:00', 'images/sofi.jpg'),
(38, 'Գալուստ', 'ՄԵԾՆ', '123', 1, '09 : 00', '19:00', 'images/galust.jpg'),
(39, 'Գառնիկ', 'Տաճարյան', '123', 3, '10:00', '19:00', 'images/oo.jpg'),
(40, 'Սանասար', 'Բաղդասարյան', '123', 3, '10:00', '19:00', 'images/images.jpg'),
(41, 'Արևիկ', 'Երեկոյան', '123', 3, '10:00', '19:00', 'images/images (1).jpg');

--
-- Индексы сохранённых таблиц
--

--
-- Индексы таблицы `admin`
--
ALTER TABLE `admin`
  ADD PRIMARY KEY (`id`);

--
-- Индексы таблицы `company`
--
ALTER TABLE `company`
  ADD PRIMARY KEY (`id`);

--
-- Индексы таблицы `timeline`
--
ALTER TABLE `timeline`
  ADD PRIMARY KEY (`id`);

--
-- Индексы таблицы `users`
--
ALTER TABLE `users`
  ADD PRIMARY KEY (`id`), ADD KEY `FK_user` (`id_comp`);

--
-- AUTO_INCREMENT для сохранённых таблиц
--

--
-- AUTO_INCREMENT для таблицы `admin`
--
ALTER TABLE `admin`
  MODIFY `id` int(3) NOT NULL AUTO_INCREMENT,AUTO_INCREMENT=6;
--
-- AUTO_INCREMENT для таблицы `company`
--
ALTER TABLE `company`
  MODIFY `id` int(2) NOT NULL AUTO_INCREMENT,AUTO_INCREMENT=5;
--
-- AUTO_INCREMENT для таблицы `timeline`
--
ALTER TABLE `timeline`
  MODIFY `id` int(5) NOT NULL AUTO_INCREMENT,AUTO_INCREMENT=179;
--
-- AUTO_INCREMENT для таблицы `users`
--
ALTER TABLE `users`
  MODIFY `id` int(4) NOT NULL AUTO_INCREMENT,AUTO_INCREMENT=42;
/*!40101 SET CHARACTER_SET_CLIENT=@OLD_CHARACTER_SET_CLIENT */;
/*!40101 SET CHARACTER_SET_RESULTS=@OLD_CHARACTER_SET_RESULTS */;
/*!40101 SET COLLATION_CONNECTION=@OLD_COLLATION_CONNECTION */;
